,game,attempt,X1,X2,X3,X4,n_col,n_loc
0,0,1,0,5,4,5,1,0
1,0,2,3,1,0,3,2,0
2,0,3,4,3,1,2,2,1
3,0,4,5,3,2,1,1,1
4,0,5,4,4,3,1,0,4
0,1,1,3,5,3,2,1,1
1,1,2,1,0,3,5,2,0
2,1,3,3,3,0,3,0,1
3,1,4,4,5,4,3,1,1
4,1,5,2,5,0,4,2,0
5,1,6,4,3,1,2,0,4
0,2,1,2,0,3,5,2,0
1,2,2,5,2,4,4,1,2
2,2,3,5,5,2,4,0,2
3,2,4,3,5,4,4,0,4
0,3,1,1,2,5,4,2,0
1,3,2,2,3,2,1,0,0
2,3,3,5,5,4,0,0,3
3,3,4,0,5,4,0,1,2
4,3,5,5,4,4,0,0,4
0,4,1,5,4,4,3,3,0
1,4,2,4,3,3,5,1,2
2,4,3,4,5,3,1,0,3
3,4,4,4,5,3,0,0,4
0,5,1,3,0,3,2,1,1
1,5,2,0,4,3,1,0,1
2,5,3,5,3,3,5,0,0
3,5,4,0,0,2,0,0,2
4,5,5,0,2,2,2,0,4
0,6,1,4,3,1,5,3,0
1,6,2,3,4,5,3,1,1
2,6,3,1,2,5,4,4,0
3,6,4,5,4,2,1,0,4
0,7,1,0,3,4,1,1,1
1,7,2,2,5,0,1,1,1
2,7,3,4,2,2,1,0,3
3,7,4,3,2,2,1,0,2
4,7,5,4,2,1,1,0,4
0,8,1,3,3,1,2,0,2
1,8,2,3,3,0,0,0,0
2,8,3,5,4,1,2,0,2
3,8,4,2,2,1,2,0,2
4,8,5,1,1,1,2,0,4
0,9,1,2,4,3,0,2,0
1,9,2,3,3,2,1,1,1
2,9,3,1,0,2,2,2,0
3,9,4,4,2,1,1,1,0
4,9,5,3,1,0,5,0,4
0,10,1,4,5,4,3,1,0
1,10,2,0,0,3,1,1,2
2,10,3,0,1,3,2,3,1
3,10,4,0,3,2,1,0,4
0,11,1,2,3,5,0,2,0
1,11,2,1,2,3,4,1,1
2,11,3,5,4,3,5,1,1
3,11,4,4,2,4,5,1,2
4,11,5,5,2,4,2,0,4
0,12,1,4,4,4,2,1,0
1,12,2,2,1,0,5,0,1
2,12,3,2,2,3,3,0,3
3,12,4,2,3,3,3,0,2
4,12,5,2,2,2,3,0,4
0,13,1,4,0,5,3,2,0
1,13,2,3,4,4,4,0,1
2,13,3,3,3,0,1,0,1
3,13,4,0,2,0,4,1,0
4,13,5,1,5,4,1,0,1
5,13,6,3,5,2,2,0,3
6,13,7,3,5,2,5,0,4
0,14,1,2,1,2,2,0,1
1,14,2,0,0,2,3,1,2
2,14,3,5,0,2,0,0,4
0,15,1,1,2,1,3,1,0
1,15,2,2,5,4,4,1,1
2,15,3,0,5,5,2,2,0
3,15,4,5,3,0,4,1,1
4,15,5,2,4,0,0,0,4
0,16,1,0,0,2,1,2,1
1,16,2,3,1,2,0,4,0
2,16,3,1,0,3,2,4,0
3,16,4,2,3,0,1,4,0
4,16,5,0,2,1,3,0,4
0,17,1,2,4,2,2,1,1
1,17,2,2,5,4,4,0,2
2,17,3,2,1,0,4,0,3
3,17,4,2,1,1,4,0,4
0,18,1,0,4,4,2,1,0
1,18,2,4,5,3,5,2,0
2,18,3,2,3,5,3,0,2
3,18,4,1,0,5,3,0,4
0,19,1,4,2,1,3,2,0
1,19,2,5,5,3,4,0,1
2,19,3,3,3,3,1,0,2
3,19,4,2,3,3,2,0,3
4,19,5,2,3,3,0,2,2
5,19,6,0,3,3,2,0,4
0,20,1,3,1,0,4,0,0
1,20,2,2,2,2,2,0,2
2,20,3,5,2,2,5,2,2
3,20,4,5,2,5,2,2,2
4,20,5,5,5,2,2,4,0
5,20,6,2,2,5,5,0,4
0,21,1,2,2,3,3,0,2
1,21,2,0,2,1,3,1,1
2,21,3,2,2,4,0,1,0
3,21,4,3,0,3,3,0,2
4,21,5,1,4,3,3,0,4
0,22,1,0,2,3,1,1,0
1,22,2,4,5,2,4,1,1
2,22,3,5,5,4,3,1,1
3,22,4,5,0,0,4,1,0
4,22,5,2,5,5,5,0,4
0,23,1,3,5,3,5,0,1
1,23,2,2,5,1,1,1,1
2,23,3,3,1,4,1,0,4
0,24,1,4,0,0,5,2,0
1,24,2,5,5,3,4,1,0
2,24,3,2,1,5,0,0,2
3,24,4,2,4,2,0,0,3
4,24,5,2,4,4,0,0,4
0,25,1,5,0,2,0,1,0
1,25,2,3,5,3,5,1,1
2,25,3,2,2,3,3,0,1
3,25,4,1,5,1,3,0,3
4,25,5,4,5,1,3,2,2
5,25,6,1,5,4,3,0,4
0,26,1,1,0,0,3,2,0
1,26,2,0,4,1,2,3,0
2,26,3,5,1,2,0,1,1
3,26,4,2,1,3,4,2,1
4,26,5,4,2,3,0,3,1
5,26,6,2,3,4,0,0,4
0,27,1,4,5,5,1,0,2
1,27,2,1,2,5,1,2,0
2,27,3,4,5,4,2,0,4
0,28,1,2,2,3,0,2,0
1,28,2,1,0,1,3,1,0
2,28,3,5,5,0,2,0,2
3,28,4,5,1,2,2,0,1
4,28,5,0,4,0,2,0,4
0,29,1,2,1,0,0,1,1
1,29,2,1,1,2,3,2,0
2,29,3,3,5,0,2,1,1
3,29,4,2,5,1,5,0,4
0,30,1,5,3,2,1,1,1
1,30,2,0,1,3,1,1,0
2,30,3,5,4,5,3,0,1
3,30,4,1,4,2,4,1,0
4,30,5,5,0,0,2,0,4
0,31,1,0,2,0,3,1,0
1,31,2,4,1,2,5,2,0
2,31,3,3,4,3,1,1,1
3,31,4,1,4,4,0,1,2
4,31,5,1,0,4,1,0,4
0,32,1,3,1,3,5,0,2
1,32,2,4,1,3,0,1,1
2,32,3,1,1,4,5,1,0
3,32,4,3,2,3,4,0,4
0,33,1,4,0,4,0,0,2
1,33,2,4,3,1,0,2,1
2,33,3,1,2,4,0,0,3
3,33,4,1,5,4,0,0,3
4,33,5,1,1,4,0,0,4
0,34,1,4,1,2,4,1,1
1,34,2,4,5,4,3,2,1
2,34,3,5,4,2,3,1,1
3,34,4,4,4,5,0,1,1
4,34,5,3,4,4,4,0,4
0,35,1,5,1,3,5,1,1
1,35,2,5,0,0,3,1,0
2,35,3,1,1,5,1,2,1
3,35,4,1,2,1,5,0,3
4,35,5,1,4,1,5,0,4
0,36,1,4,4,4,5,0,0
1,36,2,1,0,0,3,2,2
2,36,3,0,1,0,3,3,1
3,36,4,1,3,0,0,3,1
4,36,5,3,0,0,1,0,4
0,37,1,5,2,1,1,1,0
1,37,2,0,5,5,3,2,0
2,37,3,1,3,4,0,2,1
3,37,4,2,4,3,0,4,0
4,37,5,4,3,0,2,0,4
0,38,1,0,5,5,0,0,0
1,38,2,3,2,1,2,2,1
2,38,3,2,2,4,1,1,1
3,38,4,3,1,2,1,3,0
4,38,5,2,3,1,3,3,1
5,38,6,1,2,3,3,0,4
0,39,1,2,5,4,4,1,2
1,39,2,5,0,4,4,0,4
0,40,1,1,2,3,1,1,1
1,40,2,1,4,4,2,1,0
2,40,3,0,2,0,3,0,1
3,40,4,0,5,1,1,1,0
4,40,5,3,1,3,3,0,4
0,41,1,3,3,2,5,2,0
1,41,2,0,2,5,4,0,2
2,41,3,0,2,3,0,1,1
3,41,4,0,1,5,3,0,3
4,41,5,0,5,5,3,0,4
0,42,1,5,2,2,5,0,0
1,42,2,4,4,3,4,0,1
2,42,3,1,0,0,4,1,0
3,42,4,0,3,3,3,2,2
4,42,5,3,3,3,0,0,4
0,43,1,5,5,4,2,1,0
1,43,2,2,1,1,3,0,3
2,43,3,4,1,1,3,0,2
3,43,4,2,0,1,3,1,2
4,43,5,2,1,2,3,0,2
5,43,6,2,1,1,0,0,4
0,44,1,1,5,0,0,1,0
1,44,2,3,4,3,5,1,0
2,44,3,2,1,4,4,2,0
3,44,4,4,0,2,2,0,4
0,45,1,3,5,5,4,0,0
1,45,2,0,2,1,2,0,3
2,45,3,0,0,1,2,1,2
3,45,4,0,2,0,2,0,4
0,46,1,1,0,2,0,0,1
1,46,2,1,1,4,5,1,1
2,46,3,5,0,4,4,1,0
3,46,4,1,5,5,3,0,3
4,46,5,1,5,3,3,2,2
5,46,6,1,3,5,3,0,4
0,47,1,2,4,3,1,2,1
1,47,2,4,1,2,1,1,1
2,47,3,3,2,0,1,2,0
3,47,4,4,3,3,2,3,0
4,47,5,5,4,2,3,0,4
0,48,1,3,5,1,0,1,0
1,48,2,2,4,4,5,1,0
2,48,3,1,1,2,1,1,0
3,48,4,0,2,0,2,0,3
4,48,5,0,0,0,2,0,4
0,49,1,4,3,3,0,2,0
1,49,2,3,5,1,4,2,0
2,49,3,0,0,5,3,1,1
3,49,4,5,0,4,5,1,0
4,49,5,2,1,0,3,0,3
5,49,6,1,1,0,3,0,4
0,50,1,1,0,3,1,2,0
1,50,2,3,3,1,3,1,0
2,50,3,2,1,0,2,1,2
3,50,4,0,1,4,2,2,2
4,50,5,2,1,4,0,0,4
0,51,1,2,4,1,3,2,1
1,51,2,1,4,3,1,1,1
2,51,3,3,4,2,4,0,4
0,52,1,2,1,1,1,0,2
1,52,2,2,2,1,2,1,0
2,52,3,3,1,0,1,0,3
3,52,4,5,1,0,1,1,2
4,52,5,3,1,5,1,0,4
0,53,1,1,2,4,3,1,2
1,53,2,1,5,2,3,1,1
2,53,3,2,4,4,3,0,3
3,53,4,2,0,4,3,0,4
0,54,1,3,1,3,3,0,1
1,54,2,4,1,4,4,0,1
2,54,3,3,2,2,4,2,1
3,54,4,2,0,3,4,4,0
4,54,5,0,2,4,3,0,4
0,55,1,1,0,3,4,1,1
1,55,2,5,1,1,4,1,1
2,55,3,4,5,0,4,2,0
3,55,4,0,0,1,5,2,1
4,55,5,5,0,5,1,0,3
5,55,6,5,0,2,1,0,4
0,56,1,0,0,4,3,1,1
1,56,2,1,0,0,0,1,0
2,56,3,0,4,5,5,0,3
3,56,4,0,4,5,2,0,4
0,57,1,3,5,2,4,1,1
1,57,2,3,2,0,0,1,2
2,57,3,3,0,4,0,1,1
3,57,4,3,3,0,2,0,4
0,58,1,3,0,4,4,2,1
1,58,2,4,5,3,4,2,0
2,58,3,0,4,4,2,0,2
3,58,4,0,1,4,3,2,2
4,58,5,0,3,4,1,0,4
0,59,1,2,4,4,0,1,1
1,59,2,5,3,4,4,2,0
2,59,3,0,4,5,1,0,2
3,59,4,3,4,2,1,1,1
4,59,5,0,4,3,3,0,3
5,59,6,0,4,0,3,0,4
0,60,1,5,3,0,3,1,1
1,60,2,0,1,2,3,2,0
2,60,3,2,3,3,4,1,1
3,60,4,3,0,0,4,3,0
4,60,5,4,3,4,0,0,4
0,61,1,2,0,5,0,0,0
1,61,2,3,4,1,3,1,1
2,61,3,1,3,1,1,0,4
0,62,1,1,3,1,3,1,0
1,62,2,3,4,4,0,1,1
2,62,3,2,4,3,5,0,4
0,63,1,3,5,4,5,2,1
1,63,2,5,5,2,4,2,0
2,63,3,4,3,0,5,1,2
3,63,4,0,3,5,5,1,1
4,63,5,4,1,3,5,0,3
5,63,6,4,4,3,5,0,4
0,64,1,0,2,0,5,1,1
1,64,2,4,1,2,5,2,0
2,64,3,0,5,1,1,0,2
3,64,4,0,0,1,4,2,2
4,64,5,0,4,1,0,0,4
0,65,1,4,5,2,5,0,0
1,65,2,3,1,0,1,1,1
2,65,3,3,3,3,0,2,1
3,65,4,0,3,0,3,0,4
0,66,1,2,3,3,4,0,2
1,66,2,4,1,3,4,1,1
2,66,3,2,5,3,1,0,2
3,66,4,3,3,3,1,0,4
0,67,1,0,4,2,0,1,1
1,67,2,0,2,3,3,1,1
2,67,3,5,0,3,0,0,1
3,67,4,2,4,3,1,2,2
4,67,5,1,4,3,2,0,4
0,68,1,0,5,3,0,0,1
1,68,2,1,5,1,2,1,1
2,68,3,0,2,1,4,2,2
3,68,4,4,2,1,0,0,4
0,69,1,5,5,1,1,0,0
1,69,2,0,0,0,0,0,1
2,69,3,4,4,0,2,3,0
3,69,4,2,2,4,0,1,1
4,69,5,0,3,4,4,0,4
0,70,1,2,2,1,2,0,1
1,70,2,3,3,1,3,0,0
2,70,3,2,4,5,0,1,2
3,70,4,4,4,5,2,2,1
4,70,5,2,5,5,4,0,4
0,71,1,5,1,2,3,0,1
1,71,2,0,1,1,1,0,0
2,71,3,5,4,5,5,2,2
3,71,4,5,5,4,5,2,2
4,71,5,5,5,5,4,0,4
0,72,1,2,2,1,2,0,1
1,72,2,4,1,1,4,0,0
2,72,3,2,0,5,0,2,0
3,72,4,0,3,3,2,2,1
4,72,5,3,2,3,5,2,2
5,72,6,5,2,3,3,0,4
0,73,1,5,2,2,4,1,1
1,73,2,2,2,3,2,0,2
2,73,3,2,2,0,1,2,0
3,73,4,5,1,3,2,0,4
0,74,1,4,2,3,0,2,0
1,74,2,1,0,5,2,1,1
2,74,3,5,5,4,2,1,1
3,74,4,0,0,4,5,1,0
4,74,5,2,4,1,2,0,4
0,75,1,5,3,2,2,1,0
1,75,2,3,1,0,0,1,1
2,75,3,0,1,5,4,2,1
3,75,4,4,0,5,0,0,4
0,76,1,4,5,4,2,0,1
1,76,2,2,0,3,2,0,3
2,76,3,2,3,3,2,1,2
3,76,4,3,0,3,2,0,4
0,77,1,2,1,4,0,3,0
1,77,2,4,2,1,1,0,3
2,77,3,0,2,1,1,0,2
3,77,4,4,2,1,5,1,2
4,77,5,4,2,3,1,0,4
0,78,1,1,1,1,1,0,0
1,78,2,3,3,4,0,1,1
2,78,3,5,0,3,0,0,2
3,78,4,2,2,3,0,1,0
4,78,5,5,0,4,5,0,4
0,79,1,3,5,2,0,1,1
1,79,2,4,4,2,3,2,0
2,79,3,0,3,4,0,2,1
3,79,4,3,3,0,4,2,1
4,79,5,3,0,4,1,0,4
0,80,1,5,0,0,0,1,1
1,80,2,4,4,0,5,0,1
2,80,3,0,2,0,3,1,2
3,80,4,0,3,0,1,1,2
4,80,5,0,1,0,2,0,4
0,81,1,4,0,1,3,2,1
1,81,2,4,1,0,2,2,1
2,81,3,4,3,2,0,4,0
3,81,4,3,0,4,2,4,0
4,81,5,2,4,0,3,0,4
0,82,1,2,2,3,2,1,1
1,82,2,4,4,2,2,0,2
2,82,3,0,0,2,2,0,3
3,82,4,1,0,2,2,1,2
4,82,5,0,5,2,2,0,4
0,83,1,5,4,1,1,0,1
1,83,2,5,0,2,3,1,2
2,83,3,5,0,5,2,3,1
3,83,4,5,5,2,0,0,4
0,84,1,2,2,5,5,1,1
1,84,2,5,1,4,5,2,0
2,84,3,3,5,5,3,0,0
3,84,4,1,2,2,4,0,4
0,85,1,5,4,4,5,0,1
1,85,2,2,2,3,5,0,0
2,85,3,1,4,1,1,1,2
3,85,4,1,0,4,1,0,4
0,86,1,3,4,5,4,2,0
1,86,2,2,2,3,5,1,1
2,86,3,5,2,4,0,1,1
3,86,4,2,1,4,3,3,1
4,86,5,4,2,1,3,0,4
0,87,1,4,3,3,1,0,0
1,87,2,2,2,2,0,2,2
2,87,3,2,0,2,2,2,2
3,87,4,2,2,0,2,2,2
4,87,5,0,2,2,2,0,4
0,88,1,0,5,4,3,0,1
1,88,2,0,1,0,1,1,0
2,88,3,2,5,1,5,3,1
3,88,4,1,5,5,2,0,4
0,89,1,5,1,4,3,1,2
1,89,2,5,3,4,5,2,0
2,89,3,4,1,3,3,1,2
3,89,4,3,1,5,3,0,4
0,90,1,0,5,5,0,0,1
1,90,2,0,3,1,4,2,0
2,90,3,4,4,5,3,1,1
3,90,4,4,5,2,1,1,1
4,90,5,3,1,5,1,0,4
0,91,1,3,1,3,3,0,1
1,91,2,5,1,2,2,1,1
2,91,3,3,5,4,2,1,1
3,91,4,0,1,4,5,1,0
4,91,5,3,2,2,0,0,4
0,92,1,5,2,0,2,1,0
1,92,2,4,1,2,1,2,0
2,92,3,2,4,3,3,2,2
3,92,4,2,3,3,4,2,2
4,92,5,2,3,4,3,0,4
0,93,1,2,2,2,5,0,0
1,93,2,1,1,4,4,0,1
2,93,3,3,3,4,3,1,1
3,93,4,3,0,0,4,2,2
4,93,5,0,3,0,4,0,4
0,94,1,0,4,0,4,2,0
1,94,2,4,0,3,1,0,1
2,94,3,2,0,5,0,1,0
3,94,4,4,2,4,2,0,4
0,95,1,4,4,0,2,1,0
1,95,2,2,5,3,1,1,1
2,95,3,1,5,4,5,2,0
3,95,4,3,1,3,4,1,2
4,95,5,5,3,3,4,0,4
0,96,1,0,2,3,5,0,1
1,96,2,2,2,2,4,2,2
2,96,3,4,2,2,2,2,2
3,96,4,2,2,4,2,0,4
0,97,1,3,5,2,4,1,1
1,97,2,5,2,2,5,1,1
2,97,3,4,4,2,2,0,0
3,97,4,5,5,3,0,2,2
4,97,5,0,5,3,5,3,1
5,97,6,5,5,0,3,0,4
0,98,1,0,0,5,0,0,0
1,98,2,1,1,3,1,0,2
2,98,3,2,1,3,3,2,1
3,98,4,3,3,3,1,1,1
4,98,5,1,2,3,4,0,4
0,99,1,0,4,2,1,2,1
1,99,2,0,2,4,5,3,0
2,99,3,4,5,0,1,3,0
3,99,4,1,4,5,2,0,4
0,100,1,0,1,3,2,2,0
1,100,2,2,0,2,5,1,0
2,100,3,4,5,1,3,1,1
3,100,4,3,2,4,3,2,0
4,100,5,4,3,0,0,0,3
5,100,6,4,3,0,4,0,4
0,101,1,1,2,5,0,2,0
1,101,2,0,4,0,5,0,1
2,101,3,3,3,0,1,1,1
3,101,4,0,1,1,1,0,0
4,101,5,2,3,3,5,0,4
0,102,1,1,0,3,1,0,2
1,102,2,1,0,2,2,0,2
2,102,3,1,1,2,1,0,1
3,102,4,1,0,5,0,0,2
4,102,5,1,0,4,4,0,4
0,103,1,5,3,5,0,0,0
1,103,2,4,1,4,2,0,3
2,103,3,4,1,2,2,2,2
3,103,4,2,1,4,2,0,4
0,104,1,2,1,2,3,1,1
1,104,2,1,0,1,3,3,1
2,104,3,1,1,3,0,0,4
0,105,1,5,1,0,1,1,2
1,105,2,1,1,0,4,1,1
2,105,3,5,1,2,0,0,2
3,105,4,5,1,1,5,0,3
4,105,5,5,1,1,3,0,4
0,106,1,3,5,0,0,1,0
1,106,2,2,1,5,4,0,3
2,106,3,1,1,5,4,0,2
3,106,4,2,1,5,5,0,4
0,107,1,0,0,0,2,2,1
1,107,2,2,0,4,0,2,1
2,107,3,0,5,2,0,2,1
3,107,4,3,2,0,0,0,3
4,107,5,1,2,0,0,0,4
0,108,1,1,1,1,1,0,1
1,108,2,5,1,4,0,2,0
2,108,3,4,4,2,1,1,2
3,108,4,2,4,3,1,2,1
4,108,5,1,4,2,2,0,4
0,109,1,5,4,1,5,1,1
1,109,2,5,2,5,0,1,2
2,109,3,5,2,0,4,1,1
3,109,4,5,3,5,2,1,2
4,109,5,5,0,5,3,0,4
0,110,1,1,0,0,1,0,1
1,110,2,4,2,0,4,1,1
2,110,3,4,0,3,5,0,2
3,110,4,4,4,3,1,0,4
0,111,1,4,5,4,4,1,0
1,111,2,5,3,5,5,0,2
2,111,3,5,0,5,1,1,1
3,111,4,5,3,3,0,2,2
4,111,5,3,3,5,0,3,1
5,111,6,5,3,0,3,0,4
0,112,1,4,2,4,4,0,1
1,112,2,3,2,5,3,1,0
2,112,3,1,3,0,4,0,2
3,112,4,0,5,0,4,2,2
4,112,5,5,0,0,4,0,4
0,113,1,2,2,1,2,0,1
1,113,2,3,0,5,2,3,0
2,113,3,2,3,0,3,1,1
3,113,4,5,2,0,5,0,3
4,113,5,5,2,0,0,2,2
5,113,6,0,2,0,5,0,4
0,114,1,5,1,5,2,2,0
1,114,2,1,4,2,3,1,1
2,114,3,1,5,3,0,3,0
3,114,4,0,4,1,5,0,4
0,115,1,2,0,1,3,1,0
1,115,2,0,5,4,5,1,1
2,115,3,5,3,4,4,0,2
3,115,4,5,2,4,2,0,1
4,115,5,5,3,5,5,0,4
0,116,1,2,3,3,4,0,0
1,116,2,1,5,0,5,2,1
2,116,3,5,5,1,1,1,1
3,116,4,0,0,1,5,0,4
0,117,1,3,5,0,3,2,0
1,117,2,5,1,3,2,1,2
2,117,3,0,1,5,2,1,1
3,117,4,1,1,3,5,0,2
4,117,5,1,3,3,2,0,4
0,118,1,4,5,4,2,1,0
1,118,2,3,0,0,4,1,2
2,118,3,3,4,0,1,3,0
3,118,4,0,0,1,4,0,4
0,119,1,5,4,4,0,1,0
1,119,2,1,3,5,3,1,0
2,119,3,4,1,1,2,2,1
3,119,4,2,1,2,4,2,2
4,119,5,2,2,1,4,0,4
0,120,1,0,2,5,3,1,0
1,120,2,2,4,2,2,1,0
2,120,3,4,5,4,4,0,2
3,120,4,4,0,4,0,1,1
4,120,5,4,3,1,4,2,2
5,120,6,1,3,4,4,0,4
0,121,1,2,4,1,0,2,0
1,121,2,3,1,2,3,0,2
2,121,3,3,1,4,1,1,1
3,121,4,5,1,0,3,0,4
0,122,1,0,4,3,0,1,0
1,122,2,2,3,5,2,1,1
2,122,3,3,5,5,5,1,0
3,122,4,5,0,1,2,2,2
4,122,5,5,1,0,2,0,4
0,123,1,3,4,4,5,3,1
1,123,2,4,4,5,3,2,2
2,123,3,4,5,4,3,0,4
0,124,1,0,5,5,1,0,0
1,124,2,4,3,4,4,0,2
2,124,3,2,3,4,2,1,2
3,124,4,4,2,4,2,0,2
4,124,5,4,3,3,2,0,4
0,125,1,1,1,0,0,0,0
1,125,2,2,3,3,5,0,2
2,125,3,2,5,4,5,1,1
3,125,4,2,2,3,4,0,3
4,125,5,2,4,3,4,0,4
0,126,1,4,0,5,2,2,0
1,126,2,1,2,2,5,1,1
2,126,3,3,2,1,4,2,0
3,126,4,0,1,2,0,1,0
4,126,5,1,5,4,1,1,0
5,126,6,2,3,3,5,0,4
0,127,1,5,1,0,2,2,0
1,127,2,2,2,5,3,0,2
2,127,3,2,5,5,4,1,1
3,127,4,2,0,4,3,0,2
4,127,5,2,2,4,1,0,4
0,128,1,3,3,1,3,0,0
1,128,2,0,5,4,2,1,2
2,128,3,0,5,0,4,1,1
3,128,4,4,5,2,2,1,2
4,128,5,0,4,2,2,0,4
0,129,1,2,3,0,1,3,0
1,129,2,0,0,2,3,1,2
2,129,3,0,1,2,0,0,4
0,130,1,1,2,5,2,1,1
1,130,2,1,3,2,4,1,1
2,130,3,5,1,5,4,3,0
3,130,4,1,4,4,5,0,4
0,131,1,4,2,2,2,0,0
1,131,2,1,5,1,3,0,3
2,131,3,1,5,1,0,0,3
3,131,4,1,5,1,5,0,3
4,131,5,1,5,1,1,0,4
0,132,1,1,1,1,4,1,0
1,132,2,4,2,5,5,1,1
2,132,3,0,2,4,0,0,2
3,132,4,4,5,4,0,0,4
0,133,1,3,0,2,0,4,0
1,133,2,0,2,0,3,0,4
0,134,1,3,1,1,2,2,1
1,134,2,1,1,3,3,1,1
2,134,3,1,2,1,0,0,3
3,134,4,1,2,1,1,0,3
4,134,5,1,2,1,4,0,4
0,135,1,2,2,1,4,1,1
1,135,2,4,4,1,3,0,2
2,135,3,4,0,1,0,2,0
3,135,4,2,4,0,3,0,4
0,136,1,2,1,3,2,1,1
1,136,2,4,3,5,2,3,1
2,136,3,2,3,4,5,0,4
0,137,1,3,3,1,0,1,0
1,137,2,2,2,2,3,1,1
2,137,3,1,2,4,2,2,1
3,137,4,2,4,0,2,0,2
4,137,5,2,1,5,2,0,4
0,138,1,2,2,2,1,1,0
1,138,2,1,4,3,3,2,0
2,138,3,5,3,1,0,3,1
3,138,4,3,0,1,5,0,4
0,139,1,0,0,1,1,1,1
1,139,2,1,3,5,1,1,0
2,139,3,0,1,4,2,1,1
3,139,4,3,0,4,0,3,1
4,139,5,0,4,3,0,0,4
0,140,1,0,4,5,3,3,0
1,140,2,5,1,4,0,2,1
2,140,3,1,5,3,0,2,0
3,140,4,5,2,0,4,0,3
4,140,5,5,0,0,4,0,4
0,141,1,0,1,1,5,2,1
1,141,2,1,0,4,5,4,0
2,141,3,4,5,1,0,4,0
3,141,4,5,1,0,4,0,4
0,142,1,3,4,2,3,1,0
1,142,2,4,1,1,0,1,0
2,142,3,5,0,0,2,2,2
3,142,4,0,0,5,2,3,1
4,142,5,2,0,0,5,0,4
0,143,1,4,4,0,5,3,0
1,143,2,0,5,5,4,0,2
2,143,3,0,0,4,4,0,4
0,144,1,1,2,4,2,1,0
1,144,2,5,3,0,4,0,3
2,144,3,4,3,0,4,0,4
0,145,1,4,0,1,2,2,0
1,145,2,2,2,2,1,1,0
2,145,3,1,4,4,4,0,2
3,145,4,1,4,3,5,0,4
0,146,1,3,4,0,1,2,1
1,146,2,1,4,4,0,2,1
2,146,3,0,5,4,1,3,1
3,146,4,1,5,0,4,0,4
0,147,1,0,1,1,0,1,1
1,147,2,4,5,1,1,1,2
2,147,3,5,3,1,1,1,2
3,147,4,3,4,1,1,0,4
0,148,1,3,3,5,2,0,2
1,148,2,3,4,5,0,1,1
2,148,3,0,2,5,2,1,1
3,148,4,3,0,1,2,0,3
4,148,5,3,0,0,2,0,4
0,149,1,3,4,3,3,0,1
1,149,2,0,0,3,1,1,0
2,149,3,3,2,5,2,2,0
3,149,4,5,4,2,0,3,1
4,149,5,2,4,0,5,0,4
0,150,1,1,1,4,5,0,1
1,150,2,2,5,3,5,2,0
2,150,3,1,2,0,3,3,1
3,150,4,0,1,2,3,3,1
4,150,5,3,1,0,2,0,4
0,151,1,2,4,4,4,1,0
1,151,2,0,2,3,5,2,0
2,151,3,3,1,2,1,0,1
3,151,4,5,5,2,2,0,4
0,152,1,1,0,0,0,1,0
1,152,2,5,2,2,1,1,0
2,152,3,3,3,1,4,0,1
3,152,4,0,4,5,4,0,3
4,152,5,0,5,5,4,0,4
0,153,1,4,4,1,2,1,0
1,153,2,3,5,5,1,2,0
2,153,3,1,3,3,0,2,0
3,153,4,0,1,0,5,1,1
4,153,5,5,2,0,3,0,4
0,154,1,4,2,0,4,1,0
1,154,2,5,3,2,1,2,0
2,154,3,3,5,3,0,2,1
3,154,4,1,0,3,3,1,1
4,154,5,3,0,5,5,3,1
5,154,6,0,5,5,3,0,4
0,155,1,2,3,4,4,0,0
1,155,2,5,5,5,1,2,0
2,155,3,0,0,1,5,2,2
3,155,4,0,1,0,5,2,2
4,155,5,1,0,0,5,0,4
0,156,1,2,2,4,4,0,1
1,156,2,5,1,0,4,3,0
2,156,3,0,0,4,1,2,0
3,156,4,2,5,1,0,3,1
4,156,5,1,2,5,0,0,4
0,157,1,3,2,3,3,0,1
1,157,2,5,1,5,3,0,1
2,157,3,0,4,0,3,0,3
3,157,4,0,4,4,3,0,4
0,158,1,0,1,5,3,2,0
1,158,2,5,2,0,0,0,1
2,158,3,4,4,3,0,1,0
3,158,4,5,5,4,1,0,1
4,158,5,3,2,1,1,0,3
5,158,6,3,2,2,1,0,4
0,159,1,2,3,5,3,0,3
1,159,2,5,3,5,3,0,3
2,159,3,4,3,5,3,0,3
3,159,4,0,3,5,3,0,3
4,159,5,1,3,5,3,0,3
5,159,6,3,3,5,3,0,4
0,160,1,0,0,5,3,0,3
1,160,2,0,0,0,3,0,2
2,160,3,0,4,5,3,0,3
3,160,4,0,1,5,3,0,4
0,161,1,2,3,2,1,1,1
1,161,2,5,1,3,1,0,0
2,161,3,2,0,0,2,4,0
3,161,4,0,2,2,0,0,4
0,162,1,1,3,5,3,2,0
1,162,2,5,1,4,1,1,2
2,162,3,5,1,1,5,2,0
3,162,4,4,5,4,1,0,3
4,162,5,2,5,4,1,0,3
5,162,6,0,5,4,1,0,4
0,163,1,4,1,4,2,1,0
1,163,2,1,3,3,5,2,0
2,163,3,2,2,5,3,1,2
3,163,4,3,2,5,0,3,1
4,163,5,5,2,0,3,0,4
0,164,1,3,0,2,4,2,0
1,164,2,4,5,3,5,0,3
2,164,3,4,5,3,3,0,2
3,164,4,4,5,0,5,1,2
4,164,5,0,5,3,5,0,4
0,165,1,3,0,3,4,0,1
1,165,2,1,0,0,2,0,1
2,165,3,1,1,3,5,1,1
3,165,4,1,4,1,4,0,3
4,165,5,1,4,5,4,0,4
0,166,1,4,4,2,5,2,0
1,166,2,0,2,5,1,3,0
2,166,3,5,1,0,4,2,2
3,166,4,1,5,0,4,3,1
4,166,5,5,0,1,4,0,4
0,167,1,2,2,3,0,2,0
1,167,2,5,3,2,3,0,1
2,167,3,0,0,0,3,0,0
3,167,4,4,4,2,2,0,3
4,167,5,1,4,2,2,2,2
5,167,6,4,1,2,2,0,4
0,168,1,0,0,2,5,0,2
1,168,2,0,3,2,3,0,1
2,168,3,0,0,0,4,1,0
3,168,4,1,4,2,5,0,3
4,168,5,5,4,2,5,0,3
5,168,6,2,4,2,5,0,4
0,169,1,5,1,0,4,2,0
1,169,2,3,0,5,5,1,1
2,169,3,1,5,5,2,1,0
3,169,4,3,4,2,0,1,1
4,169,5,4,4,3,5,0,4
0,170,1,0,4,5,1,1,0
1,170,2,2,3,3,5,2,1
2,170,3,3,1,3,2,3,1
3,170,4,1,2,3,3,0,4
0,171,1,1,5,4,3,1,0
1,171,2,2,1,2,2,0,3
2,171,3,2,1,0,2,2,2
3,171,4,0,1,2,2,2,2
4,171,5,2,1,2,0,0,4
0,172,1,5,3,3,2,0,0
1,172,2,0,4,0,4,1,1
2,172,3,4,4,4,1,0,1
3,172,4,0,0,1,1,2,2
4,172,5,1,0,0,1,0,4
0,173,1,0,0,1,0,0,2
1,173,2,4,0,4,0,1,2
2,173,3,4,0,1,4,2,0
3,173,4,0,5,4,0,0,4
0,174,1,2,0,0,5,2,1
1,174,2,0,2,0,4,0,2
2,174,3,0,2,3,5,1,1
3,174,4,0,5,0,1,0,3
4,174,5,0,5,0,0,0,4
0,175,1,5,3,2,5,0,2
1,175,2,5,4,0,5,1,1
2,175,3,2,0,2,5,2,1
3,175,4,5,1,2,0,0,4
0,176,1,3,0,5,2,4,0
1,176,2,2,5,3,0,0,4
0,177,1,5,0,1,3,1,0
1,177,2,3,3,2,2,0,1
2,177,3,4,4,2,1,3,1
3,177,4,1,4,4,2,0,4
0,178,1,3,2,0,3,1,1
1,178,2,0,4,5,3,1,1
2,178,3,1,3,4,3,1,2
3,178,4,5,3,1,3,1,1
4,178,5,2,1,4,3,0,4
0,179,1,4,2,5,1,0,1
1,179,2,3,2,0,3,3,0
2,179,3,4,3,3,0,0,4
0,180,1,2,5,0,1,2,1
1,180,2,2,1,5,3,2,0
2,180,3,5,0,4,1,2,0
3,180,4,0,5,2,5,2,0
4,180,5,1,2,0,2,0,3
5,180,6,1,2,0,0,0,4
0,181,1,4,2,0,3,0,2
1,181,2,1,2,0,1,0,1
2,181,3,4,2,5,5,1,1
3,181,4,4,5,0,0,0,3
4,181,5,4,5,0,4,0,4
0,182,1,0,4,3,3,2,0
1,182,2,3,3,5,1,0,0
2,182,3,4,0,4,2,0,3
3,182,4,4,0,4,0,0,4
0,183,1,0,5,1,2,3,0
1,183,2,2,4,0,5,2,1
2,183,3,4,1,2,5,2,0
3,183,4,2,0,5,0,0,3
4,183,5,2,3,5,0,0,4
0,184,1,0,2,0,2,1,0
1,184,2,3,0,5,1,1,2
2,184,3,5,0,4,1,0,3
3,184,4,5,0,1,1,0,4
0,185,1,3,3,5,0,0,1
1,185,2,3,4,4,2,0,3
2,185,3,3,4,1,2,1,2
3,185,4,3,2,4,2,0,4
0,186,1,1,4,0,0,2,1
1,186,2,0,1,0,3,1,2
2,186,3,0,3,0,4,1,1
3,186,4,0,1,2,0,0,3
4,186,5,0,1,1,0,0,4
0,187,1,1,5,1,1,0,0
1,187,2,3,2,3,0,0,2
2,187,3,3,2,4,2,1,1
3,187,4,3,4,0,0,1,1
4,187,5,3,3,3,4,0,0
5,187,6,0,2,2,0,0,4
0,188,1,5,2,1,5,1,0
1,188,2,1,0,0,0,0,2
2,188,3,1,4,4,0,2,0
3,188,4,4,0,0,2,0,4
0,189,1,5,2,2,1,0,1
1,189,2,5,5,3,3,0,1
2,189,3,4,2,3,0,2,1
3,189,4,4,4,2,3,0,4
0,190,1,3,2,0,2,0,1
1,190,2,4,2,5,5,1,1
2,190,3,1,5,0,5,1,1
3,190,4,1,1,5,2,0,1
4,190,5,3,5,5,3,0,4
0,191,1,3,5,0,4,2,1
1,191,2,0,3,0,5,2,1
2,191,3,5,2,0,3,3,1
3,191,4,0,5,2,3,0,4
0,192,1,4,0,5,4,1,0
1,192,2,5,3,2,2,0,2
2,192,3,0,2,2,2,0,0
3,192,4,5,3,1,3,0,3
4,192,5,5,3,1,1,0,2
5,192,6,5,3,3,3,0,4
0,193,1,0,0,2,1,0,2
1,193,2,3,0,5,1,2,0
2,193,3,0,3,2,4,0,4
0,194,1,1,5,4,5,1,0
1,194,2,4,0,0,4,0,3
2,194,3,4,4,0,4,0,4
0,195,1,4,5,2,1,1,0
1,195,2,1,3,0,3,0,1
2,195,3,2,0,0,0,1,2
3,195,4,0,4,0,0,2,2
4,195,5,0,0,0,4,0,4
0,196,1,3,4,0,0,0,1
1,196,2,5,4,2,4,0,1
2,196,3,3,3,2,3,0,0
3,196,4,5,1,0,5,1,0
4,196,5,1,4,1,1,0,4
0,197,1,4,4,0,5,1,0
1,197,2,2,3,3,0,1,1
2,197,3,0,2,2,0,1,0
3,197,4,5,3,1,2,2,0
4,197,5,1,0,3,1,0,4
0,198,1,5,0,3,2,3,0
1,198,2,0,2,1,5,2,0
2,198,3,2,5,4,3,1,1
3,198,4,3,5,0,0,1,2
4,198,5,2,3,0,0,0,4
0,199,1,5,1,1,1,1,0
1,199,2,1,0,4,0,0,1
2,199,3,3,5,4,3,0,2
3,199,4,3,5,5,0,0,1
4,199,5,2,5,4,4,2,2
5,199,6,4,5,4,2,0,4
0,200,1,0,5,5,1,1,1
1,200,2,0,3,3,5,1,0
2,200,3,2,0,2,1,2,0
3,200,4,1,2,5,4,0,4
0,201,1,4,2,4,1,1,1
1,201,2,4,0,2,3,2,1
2,201,3,2,0,4,5,1,1
3,201,4,0,1,4,3,0,4
0,202,1,3,4,1,0,0,1
1,202,2,2,4,2,2,0,0
2,202,3,3,3,3,5,2,2
3,202,4,3,3,5,3,0,4
0,203,1,1,2,0,2,0,2
1,203,2,3,2,0,5,0,1
2,203,3,1,0,0,4,0,0
3,203,4,2,2,2,2,0,4
0,204,1,3,4,4,3,0,0
1,204,2,1,1,1,2,0,2
2,204,3,1,0,0,2,2,2
3,204,4,0,0,1,2,2,2
4,204,5,0,1,0,2,0,4
0,205,1,0,3,1,5,2,0
1,205,2,2,4,0,3,0,2
2,205,3,2,1,0,2,0,0
3,205,4,5,4,3,3,1,2
4,205,5,4,4,5,3,0,4
0,206,1,1,2,0,4,3,0
1,206,2,4,0,2,0,1,1
2,206,3,5,4,2,1,2,1
3,206,4,0,1,2,5,4,0
4,206,5,5,0,1,2,3,1
5,206,6,2,0,5,1,0,4
0,207,1,0,3,5,0,2,0
1,207,2,5,5,1,3,1,1
2,207,3,3,0,1,1,0,2
3,207,4,2,0,1,5,2,1
4,207,5,5,0,4,1,0,4
0,208,1,4,3,5,2,2,0
1,208,2,2,5,0,5,3,0
2,208,3,5,2,2,0,0,3
3,208,4,5,0,2,0,0,3
4,208,5,5,1,2,0,0,4
0,209,1,5,2,5,4,1,1
1,209,2,0,5,3,4,2,0
2,209,3,4,4,5,1,1,0
3,209,4,2,2,0,5,3,0
4,209,5,5,3,2,2,0,2
5,209,6,5,0,2,0,0,4
0,210,1,3,4,0,2,1,2
1,210,2,2,4,3,2,2,0
2,210,3,3,5,0,4,0,3
3,210,4,3,0,0,4,0,3
4,210,5,3,3,0,4,0,4
0,211,1,5,2,3,3,2,0
1,211,2,2,3,0,1,3,0
2,211,3,0,5,1,2,3,1
3,211,4,1,5,2,0,3,1
4,211,5,0,1,2,5,4,0
5,211,6,1,0,5,2,0,4
0,212,1,2,2,5,3,1,1
1,212,2,5,2,0,0,0,4
0,213,1,0,5,2,2,1,1
1,213,2,0,0,5,3,0,1
2,213,3,2,2,2,3,1,0
3,213,4,1,4,5,2,0,3
4,213,5,4,4,5,2,0,2
5,213,6,1,1,5,2,0,4
0,214,1,0,1,2,3,2,1
1,214,2,4,2,0,3,2,0
2,214,3,1,1,3,2,1,1
3,214,4,2,1,5,0,2,0
4,214,5,0,3,3,1,0,3
5,214,6,0,0,3,1,0,4
0,215,1,5,4,0,4,0,1
1,215,2,2,4,2,3,0,2
2,215,3,5,3,2,3,1,2
3,215,4,2,3,0,3,0,4
0,216,1,1,5,1,1,0,1
1,216,2,2,5,5,2,1,1
2,216,3,2,2,0,1,0,0
3,216,4,5,5,4,5,0,3
4,216,5,5,5,3,5,0,2
5,216,6,4,5,4,5,0,4
0,217,1,5,1,1,0,0,0
1,217,2,3,4,3,2,2,1
2,217,3,4,3,3,3,0,3
3,217,4,2,3,3,3,0,4
0,218,1,3,0,4,2,2,0
1,218,2,1,1,2,3,2,0
2,218,3,5,4,3,1,2,0
3,218,4,0,3,1,0,0,2
4,218,5,0,2,1,5,0,4
0,219,1,2,2,5,3,1,1
1,219,2,2,5,1,0,2,1
2,219,3,1,2,2,0,3,1
3,219,4,2,0,2,1,0,4
0,220,1,4,3,0,3,0,0
1,220,2,5,5,5,5,0,3
2,220,3,5,2,5,5,0,3
3,220,4,5,1,5,5,0,4
0,221,1,1,4,0,1,1,0
1,221,2,3,0,5,2,2,2
2,221,3,2,0,5,3,3,1
3,221,4,0,3,5,2,3,1
4,221,5,3,2,5,0,0,4
0,222,1,0,0,3,4,0,1
1,222,2,2,0,2,1,2,0
2,222,3,5,2,3,2,1,2
3,222,4,1,5,3,2,0,4
0,223,1,1,3,4,2,2,0
1,223,2,3,2,5,5,1,2
2,223,3,5,2,1,5,2,1
3,223,4,2,4,5,5,0,4
0,224,1,5,0,1,1,1,1
1,224,2,4,3,1,0,2,0
2,224,3,3,2,5,1,4,0
3,224,4,5,1,3,2,0,4
0,225,1,0,2,3,1,2,0
1,225,2,2,5,2,0,1,0
2,225,3,3,1,5,3,1,0
3,225,4,1,0,4,4,1,1
4,225,5,4,3,4,2,0,4
0,226,1,2,3,4,5,2,0
1,226,2,3,4,3,1,2,0
2,226,3,1,2,1,4,1,1
3,226,4,5,1,0,4,2,0
4,226,5,1,0,2,3,0,4
0,227,1,1,5,5,4,0,2
1,227,2,1,1,5,0,1,1
2,227,3,3,0,5,4,1,2
3,227,4,0,4,5,4,0,3
4,227,5,0,2,5,4,0,4
0,228,1,5,5,4,2,0,1
1,228,2,5,1,3,0,2,1
2,228,3,3,1,0,2,2,0
3,228,4,0,5,1,0,1,1
4,228,5,1,5,3,1,3,1
5,228,6,5,3,1,1,0,4
0,229,1,2,2,2,5,1,0
1,229,2,5,4,5,4,1,0
2,229,3,4,3,0,2,2,0
3,229,4,1,5,3,0,0,3
4,229,5,3,5,3,0,0,4
0,230,1,2,4,2,3,2,0
1,230,2,4,3,5,0,2,1
2,230,3,0,2,5,4,1,1
3,230,4,1,3,0,4,2,1
4,230,5,4,0,3,4,0,4
0,231,1,2,5,2,0,2,1
1,231,2,1,0,2,5,3,0
2,231,3,5,2,5,0,3,0
3,231,4,4,5,0,2,0,4
0,232,1,1,3,0,5,2,0
1,232,2,4,5,1,4,0,3
2,232,3,5,5,1,4,1,2
3,232,4,4,5,1,2,0,3
4,232,5,4,5,1,1,0,4
0,233,1,5,0,0,1,1,1
1,233,2,2,2,5,1,2,0
2,233,3,4,1,0,2,0,1
3,233,4,5,1,1,5,0,3
4,233,5,5,1,3,5,0,4
0,234,1,3,5,0,1,2,0
1,234,2,5,3,2,5,0,1
2,234,3,1,1,4,5,0,1
3,234,4,1,2,2,0,0,1
4,234,5,4,3,4,0,0,1
5,234,6,1,3,3,3,0,4
0,235,1,4,3,3,0,0,3
1,235,2,4,3,5,0,0,2
2,235,3,3,3,3,0,0,3
3,235,4,2,3,3,0,0,3
4,235,5,0,3,3,0,0,3
5,235,6,1,3,3,0,0,4
0,236,1,4,2,3,5,0,2
1,236,2,4,4,5,5,0,0
2,236,3,2,2,3,0,1,2
3,236,4,3,2,3,2,0,2
4,236,5,0,2,3,1,0,4
0,237,1,1,2,3,1,1,0
1,237,2,0,4,1,5,1,1
2,237,3,0,3,0,4,3,0
3,237,4,3,4,4,0,0,4
0,238,1,3,4,3,0,1,1
1,238,2,3,1,4,4,1,1
2,238,3,3,0,5,1,0,3
3,238,4,3,0,2,1,0,3
4,238,5,3,0,0,1,0,3
5,238,6,3,0,1,1,0,4
0,239,1,0,1,1,0,0,0
1,239,2,5,2,2,2,1,0
2,239,3,3,3,5,3,2,1
3,239,4,4,5,3,3,2,2
4,239,5,4,3,3,5,3,1
5,239,6,3,5,3,4,0,4
0,240,1,3,3,5,5,0,2
1,240,2,3,0,5,1,3,1
2,240,3,1,3,5,0,4,0
3,240,4,3,1,0,5,0,4
0,241,1,0,5,5,0,3,0
1,241,2,2,0,0,5,0,2
2,241,3,5,4,0,5,2,2
3,241,4,5,0,4,5,0,4
0,242,1,4,4,4,3,1,0
1,242,2,3,0,0,1,0,2
2,242,3,3,5,2,1,1,1
3,242,4,3,0,3,2,2,1
4,242,5,3,3,0,5,0,4
0,243,1,5,4,1,0,0,2
1,243,2,1,3,1,0,0,1
2,243,3,2,4,0,0,0,1
3,243,4,5,5,5,0,0,4
0,244,1,1,3,1,1,0,1
1,244,2,2,3,2,3,1,0
2,244,3,4,2,0,1,4,0
3,244,4,1,0,4,2,3,1
4,244,5,0,4,1,2,0,4
0,245,1,0,2,5,0,0,3
1,245,2,3,2,5,0,0,2
2,245,3,0,0,5,0,0,4
0,246,1,2,3,3,5,2,0
1,246,2,3,4,0,2,0,3
2,246,3,3,0,0,2,0,2
3,246,4,5,4,0,2,0,4
0,247,1,0,1,3,0,1,1
1,247,2,1,4,3,4,1,0
2,247,3,5,2,1,0,3,0
3,247,4,0,3,5,2,1,1
4,247,5,2,1,0,2,0,4
0,248,1,2,1,3,1,2,0
1,248,2,5,2,1,2,1,0
2,248,3,0,4,2,3,3,0
3,248,4,1,3,0,4,0,4
0,249,1,1,1,2,2,1,0
1,249,2,2,4,3,5,2,0
2,249,3,3,5,1,0,0,0
3,249,4,4,2,4,4,0,4
0,250,1,5,5,0,5,0,1
1,250,2,5,1,3,1,1,1
2,250,3,3,2,0,1,2,2
3,250,4,3,1,0,2,3,1
4,250,5,2,3,0,1,0,4
0,251,1,2,1,5,2,1,0
1,251,2,0,5,3,0,1,1
2,251,3,0,0,2,4,0,1
3,251,4,0,3,1,1,0,4
0,252,1,4,1,5,0,0,2
1,252,2,5,1,5,3,0,1
2,252,3,4,1,2,1,1,1
3,252,4,4,2,5,2,0,3
4,252,5,4,4,5,2,0,4
0,253,1,4,4,0,5,0,1
1,253,2,2,2,0,1,1,1
2,253,3,3,2,1,5,2,0
3,253,4,1,1,0,3,1,2
4,253,5,1,3,0,0,0,4
0,254,1,4,0,3,2,0,1
1,254,2,1,0,5,1,0,3
2,254,3,1,0,0,1,1,2
3,254,4,0,0,5,1,0,4
0,255,1,3,3,3,4,1,1
1,255,2,2,1,3,3,1,1
2,255,3,0,4,3,1,1,0
3,255,4,5,3,5,3,2,2
4,255,5,3,5,5,3,0,4
0,256,1,0,4,3,2,2,0
1,256,2,1,3,2,3,2,0
2,256,3,2,1,5,4,2,1
3,256,4,2,2,4,1,2,0
4,256,5,3,5,1,4,0,4
0,257,1,2,5,5,2,1,0
1,257,2,0,2,4,1,1,1
2,257,3,5,3,0,1,1,1
3,257,4,5,0,4,4,0,0
4,257,5,3,1,2,1,0,4
0,258,1,5,3,4,1,1,1
1,258,2,2,5,4,2,0,2
2,258,3,0,5,4,0,0,3
3,258,4,4,5,4,0,2,2
4,258,5,0,5,4,4,0,4
0,259,1,0,4,5,2,2,0
1,259,2,2,0,3,0,1,0
2,259,3,1,5,0,5,1,0
3,259,4,5,3,4,3,0,3
4,259,5,5,3,4,4,0,4
0,260,1,3,0,2,3,0,1
1,260,2,5,0,0,5,0,0
2,260,3,2,2,2,1,1,1
3,260,4,4,1,2,4,2,2
4,260,5,1,4,2,4,0,4
0,261,1,1,3,2,4,1,1
1,261,2,2,3,5,3,1,0
2,261,3,1,4,1,5,3,0
3,261,4,5,1,0,4,0,4
0,262,1,3,5,4,0,2,0
1,262,2,1,3,3,4,1,0
2,262,3,2,4,5,5,0,3
3,262,4,2,4,2,5,0,2
4,262,5,4,4,5,5,0,3
5,262,6,5,4,5,5,0,4
0,263,1,4,1,1,1,1,0
1,263,2,0,4,0,4,0,3
2,263,3,0,4,0,3,1,2
3,263,4,0,5,0,4,0,2
4,263,5,0,4,3,4,2,2
5,263,6,3,4,0,4,0,4
0,264,1,3,4,2,1,0,3
1,264,2,3,4,0,1,0,2
2,264,3,3,4,2,4,0,2
3,264,4,2,4,2,1,0,3
4,264,5,5,4,2,1,0,4
0,265,1,3,3,5,0,0,2
1,265,2,4,1,5,0,0,1
2,265,3,3,2,2,0,2,0
3,265,4,2,3,5,5,2,2
4,265,5,5,3,5,2,0,4
0,266,1,2,3,3,0,2,1
1,266,2,3,3,5,2,1,1
2,266,3,3,4,2,0,0,3
3,266,4,3,1,2,0,0,3
4,266,5,3,2,2,0,0,4
0,267,1,0,5,4,1,2,0
1,267,2,3,0,5,0,1,1
2,267,3,1,3,5,2,2,1
3,267,4,5,1,5,3,0,4
0,268,1,3,3,1,2,2,1
1,268,2,3,2,2,1,1,2
2,268,3,0,3,2,1,0,3
3,268,4,5,3,2,1,0,3
4,268,5,4,3,2,1,0,3
5,268,6,1,3,2,1,0,4
0,269,1,3,2,2,5,1,1
1,269,2,2,4,2,0,1,0
2,269,3,3,3,1,2,1,1
3,269,4,3,5,4,3,0,3
4,269,5,3,5,0,3,0,2
5,269,6,3,5,4,1,0,4
0,270,1,2,2,1,4,1,1
1,270,2,2,1,3,5,1,2
2,270,3,2,3,3,1,0,2
3,270,4,2,3,2,5,0,3
4,270,5,2,3,4,5,0,4
0,271,1,3,5,3,5,1,1
1,271,2,2,2,3,3,0,2
2,271,3,4,3,3,3,0,1
3,271,4,5,2,3,0,0,4
0,272,1,1,4,1,5,2,0
1,272,2,5,0,3,1,3,0
2,272,3,3,5,0,4,2,0
3,272,4,0,1,5,2,0,3
4,272,5,0,1,5,0,0,4
0,273,1,1,1,0,0,1,1
1,273,2,2,1,1,1,1,0
2,273,3,3,0,2,0,2,1
3,273,4,0,2,4,0,4,0
4,273,5,4,0,0,2,0,4
0,274,1,5,4,2,5,1,0
1,274,2,0,3,0,4,0,2
2,274,3,1,3,4,4,0,0
3,274,4,0,2,0,2,0,4
0,275,1,0,0,2,0,1,0
1,275,2,5,2,1,3,2,0
2,275,3,2,5,4,2,2,0
3,275,4,4,1,0,5,1,2
4,275,5,3,4,0,5,0,4
0,276,1,2,2,1,0,0,2
1,276,2,3,4,1,0,0,3
2,276,3,1,4,1,0,0,2
3,276,4,3,3,1,0,0,3
4,276,5,3,5,1,0,0,4
0,277,1,1,5,4,4,2,0
1,277,2,3,4,3,5,0,2
2,277,3,3,4,1,1,0,3
3,277,4,3,4,1,2,1,2
4,277,5,3,4,0,1,0,4
0,278,1,4,5,4,4,0,1
1,278,2,3,5,3,5,1,1
2,278,3,1,5,1,3,0,1
3,278,4,4,2,3,3,1,0
4,278,5,5,5,2,2,1,2
5,278,6,0,5,5,2,0,4
0,279,1,2,4,4,5,1,1
1,279,2,4,1,3,5,1,0
2,279,3,2,0,0,4,0,3
3,279,4,2,2,0,4,0,4
0,280,1,5,3,2,2,1,1
1,280,2,5,1,3,4,0,3
2,280,3,5,0,3,4,0,3
3,280,4,5,5,3,4,0,4
0,281,1,1,5,0,2,2,1
1,281,2,1,1,5,0,3,0
2,281,3,2,5,1,1,1,1
3,281,4,5,0,0,1,0,3
4,281,5,5,4,0,1,0,3
5,281,6,5,3,0,1,0,4
0,282,1,5,2,1,2,2,2
1,282,2,2,5,1,2,0,4
0,283,1,2,2,3,5,1,0
1,283,2,1,5,1,4,0,1
2,283,3,0,0,1,2,2,2
3,283,4,1,0,0,2,0,4
0,284,1,2,1,1,2,0,2
1,284,2,4,1,1,0,0,0
2,284,3,2,3,2,2,0,2
3,284,4,2,5,5,2,0,4
0,285,1,2,1,0,5,1,2
1,285,2,2,0,5,5,2,1
2,285,3,2,5,0,2,0,4
0,286,1,1,5,4,0,2,1
1,286,2,4,4,1,0,2,0
2,286,3,1,3,5,4,2,0
3,286,4,2,5,0,1,2,2
4,286,5,0,5,2,1,0,4
0,287,1,3,2,2,3,0,0
1,287,2,5,5,5,5,0,1
2,287,3,1,1,1,5,2,1
3,287,4,5,0,1,1,2,2
4,287,5,5,1,0,1,3,1
5,287,6,0,5,1,1,0,4
0,288,1,4,5,4,5,1,2
1,288,2,3,4,4,5,1,2
2,288,3,4,4,1,5,0,4
0,289,1,5,3,2,3,2,0
1,289,2,1,4,5,2,0,1
2,289,3,2,2,3,2,1,0
3,289,4,3,5,5,0,0,3
4,289,5,3,0,5,0,0,2
5,289,6,3,5,5,5,0,4
0,290,1,1,0,4,2,1,0
1,290,2,3,3,1,3,0,2
2,290,3,0,3,0,3,0,1
3,290,4,5,3,1,5,0,4
0,291,1,1,4,1,4,0,0
1,291,2,5,2,5,5,2,2
2,291,3,5,5,2,5,2,2
3,291,4,2,5,5,5,0,4
0,292,1,1,3,3,5,0,0
1,292,2,0,0,2,2,2,0
2,292,3,2,2,4,4,1,2
3,292,4,2,4,0,4,2,2
4,292,5,2,4,4,0,0,4
0,293,1,2,0,1,4,3,0
1,293,2,3,4,0,2,2,1
2,293,3,4,1,3,2,1,1
3,293,4,0,5,4,2,4,0
4,293,5,4,2,0,5,0,4
0,294,1,1,3,3,3,1,0
1,294,2,5,1,4,4,1,0
2,294,3,3,5,5,5,0,4
0,295,1,5,4,2,3,1,0
1,295,2,1,2,0,2,2,0
2,295,3,0,0,4,1,0,2
3,295,4,3,0,1,1,1,2
4,295,5,0,5,1,1,0,4
0,296,1,5,3,3,3,0,2
1,296,2,5,0,2,3,1,1
2,296,3,5,3,1,1,0,2
3,296,4,5,3,5,5,0,3
4,296,5,5,3,5,4,0,4
0,297,1,4,2,4,4,0,0
1,297,2,0,5,3,5,2,1
2,297,3,5,5,1,3,4,0
3,297,4,3,1,5,5,2,2
4,297,5,1,3,5,5,0,4
0,298,1,2,4,4,3,3,0
1,298,2,4,3,0,4,1,2
2,298,3,4,5,3,4,0,3
3,298,4,4,1,3,4,0,4
0,299,1,2,5,3,1,0,2
1,299,2,2,1,0,1,1,1
2,299,3,0,5,5,1,1,2
3,299,4,5,5,1,1,0,4
0,300,1,1,5,3,0,0,1
1,300,2,0,0,2,0,0,1
2,300,3,5,5,2,4,1,1
3,300,4,1,4,2,1,0,3
4,300,5,1,4,2,2,0,4
0,301,1,2,1,4,5,3,0
1,301,2,4,2,1,1,2,0
2,301,3,1,5,2,0,1,1
3,301,4,5,3,2,4,3,0
4,301,5,1,4,5,3,0,4
0,302,1,4,3,3,0,2,0
1,302,2,1,0,4,4,0,3
2,302,3,1,0,1,4,0,2
3,302,4,0,0,4,4,0,3
4,302,5,2,0,4,4,0,3
5,302,6,5,0,4,4,0,4
0,303,1,5,5,2,2,0,3
1,303,2,1,5,2,2,1,2
2,303,3,5,2,2,2,0,3
3,303,4,5,3,2,2,0,4
0,304,1,3,5,3,5,2,0
1,304,2,0,3,5,0,2,0
2,304,3,5,1,1,3,0,3
3,304,4,5,1,4,3,0,4
0,305,1,0,5,0,2,0,2
1,305,2,5,5,0,4,1,0
2,305,3,0,1,2,2,0,2
3,305,4,0,3,3,2,0,4
0,306,1,4,2,5,0,2,1
1,306,2,4,5,0,1,0,2
2,306,3,4,5,2,3,0,3
3,306,4,4,5,2,2,0,4
0,307,1,1,4,2,1,1,0
1,307,2,4,3,0,5,2,1
2,307,3,0,3,3,4,1,1
3,307,4,2,3,5,0,3,1
4,307,5,2,0,3,5,0,4
0,308,1,0,1,5,3,0,0
1,308,2,2,4,2,2,0,3
2,308,3,2,2,2,2,0,2
3,308,4,4,4,2,2,0,4
0,309,1,1,3,4,2,2,0
1,309,2,0,1,3,1,1,1
2,309,3,4,0,3,3,1,1
3,309,4,4,1,5,0,3,0
4,309,5,0,0,1,4,0,4
0,310,1,1,4,0,1,1,0
1,310,2,0,5,3,5,0,3
2,310,3,0,5,2,5,0,2
3,310,4,4,5,3,5,0,2
4,310,5,0,0,3,5,1,2
5,310,6,0,5,3,3,0,4
0,311,1,4,1,2,0,2,0
1,311,2,2,5,4,4,2,0
2,311,3,1,2,1,5,0,2
3,311,4,0,2,0,5,0,1
4,311,5,1,4,3,5,0,3
5,311,6,1,4,5,5,0,4
0,312,1,2,3,1,3,2,0
1,312,2,1,0,5,2,1,1
2,312,3,3,5,2,2,0,2
3,312,4,3,0,2,0,0,4
0,313,1,5,4,1,5,0,0
1,313,2,3,2,2,2,1,2
2,313,3,2,2,2,0,0,4
0,314,1,2,1,3,0,2,1
1,314,2,2,5,0,3,1,1
2,314,3,2,3,4,1,3,0
3,314,4,3,1,0,4,2,0
4,314,5,1,2,3,3,0,4
0,315,1,0,5,2,1,0,1
1,315,2,0,3,3,0,0,3
2,315,3,0,3,0,0,1,2
3,315,4,0,4,3,0,0,4
0,316,1,4,0,5,0,0,1
1,316,2,2,1,5,5,2,0
2,316,3,4,3,2,1,1,2
3,316,4,3,0,2,1,0,4
0,317,1,3,0,5,2,1,0
1,317,2,1,1,0,0,0,0
2,317,3,2,4,2,4,2,2
3,317,4,2,2,4,4,2,2
4,317,5,4,2,2,4,0,4
0,318,1,1,2,3,5,2,0
1,318,2,3,3,0,2,1,0
2,318,3,0,5,1,4,2,2
3,318,4,4,5,1,0,3,1
4,318,5,0,5,4,1,0,4
0,319,1,3,1,1,5,2,0
1,319,2,2,2,3,1,2,0
2,319,3,1,3,0,3,0,2
3,319,4,1,4,4,3,0,4
0,320,1,2,3,4,0,2,0
1,320,2,3,2,2,2,0,2
2,320,3,3,2,5,5,1,0
3,320,4,1,0,2,2,2,2
4,320,5,0,1,2,2,0,4
0,321,1,5,0,2,0,1,0
1,321,2,2,4,4,3,1,0
2,321,3,1,5,3,1,3,0
3,321,4,4,1,1,5,0,2
4,321,5,3,1,5,5,1,2
5,321,6,3,3,1,5,0,4
0,322,1,2,2,3,2,0,1
1,322,2,1,5,3,1,3,0
2,322,3,5,1,1,2,0,4
0,323,1,0,2,1,1,0,0
1,323,2,3,4,3,5,0,3
2,323,3,3,4,3,4,1,2
3,323,4,4,4,3,5,0,4
0,324,1,4,3,0,5,2,0
1,324,2,2,0,4,0,0,1
2,324,3,2,2,5,3,0,4
0,325,1,3,1,0,1,1,0
1,325,2,2,3,2,2,1,0
2,325,3,5,5,3,3,0,0
3,325,4,0,2,4,4,0,4
0,326,1,1,1,5,4,3,0
1,326,2,4,3,1,1,2,1
2,326,3,3,5,4,1,0,4
0,327,1,4,3,4,4,0,1
1,327,2,2,3,1,0,1,0
2,327,3,5,5,4,1,0,4
0,328,1,0,1,4,3,2,1
1,328,2,4,2,0,3,2,0
2,328,3,0,3,1,0,1,1
3,328,4,5,3,4,1,1,1
4,328,5,1,4,4,0,0,4
0,329,1,4,1,5,5,2,0
1,329,2,3,0,1,4,0,2
2,329,3,5,0,1,2,1,2
3,329,4,3,5,1,2,0,4
0,330,1,0,5,4,2,2,0
1,330,2,1,2,1,0,2,1
2,330,3,1,4,2,1,1,1
3,330,4,3,2,0,1,0,4
0,331,1,0,4,4,2,1,1
1,331,2,0,0,0,4,0,1
2,331,3,1,3,0,2,1,0
3,331,4,5,1,4,4,2,2
4,331,5,5,4,1,4,0,4
0,332,1,1,1,1,4,0,1
1,332,2,2,5,1,0,1,1
2,332,3,5,3,1,3,2,0
3,332,4,1,0,3,0,2,2
4,332,5,0,1,3,0,0,4
0,333,1,3,3,0,4,0,1
1,333,2,2,5,0,0,1,0
2,333,3,1,3,1,5,0,3
3,333,4,5,3,1,5,2,2
4,333,5,1,3,5,5,0,4
0,334,1,5,1,5,5,1,1
1,334,2,5,5,4,3,0,2
2,334,3,5,5,2,2,0,3
3,334,4,5,5,2,0,2,2
4,334,5,5,5,0,2,0,4
0,335,1,5,0,1,5,1,1
1,335,2,3,4,1,0,1,1
2,335,3,2,5,1,3,1,2
3,335,4,4,5,1,2,0,4
0,336,1,4,2,3,0,1,2
1,336,2,3,2,5,0,1,1
2,336,3,4,2,0,2,1,2
3,336,4,4,2,2,3,0,4
0,337,1,5,4,4,4,0,1
1,337,2,5,2,1,3,1,0
2,337,3,2,4,0,2,2,1
3,337,4,0,4,2,0,3,1
4,337,5,2,0,4,0,2,2
5,337,6,0,0,4,2,0,4
0,338,1,5,0,4,3,2,0
1,338,2,2,2,0,5,0,2
2,338,3,2,3,1,5,2,0
3,338,4,1,2,0,4,0,4
0,339,1,1,0,3,1,1,0
1,339,2,2,5,1,2,2,1
2,339,3,5,2,0,2,2,0
3,339,4,2,1,5,4,0,4
0,340,1,5,5,5,2,1,0
1,340,2,1,0,1,5,0,1
2,340,3,0,0,2,4,1,0
3,340,4,1,2,3,3,0,4
0,341,1,4,4,3,0,1,0
1,341,2,2,5,5,3,0,2
2,341,3,2,3,1,3,1,1
3,341,4,1,1,5,3,2,0
4,341,5,2,5,0,1,0,4
0,342,1,3,5,4,5,2,0
1,342,2,0,1,5,4,1,2
2,342,3,0,4,5,2,0,3
3,342,4,0,4,5,0,0,4
0,343,1,3,3,2,2,0,0
1,343,2,4,0,0,0,0,1
2,343,3,1,5,1,0,2,0
3,343,4,5,0,5,5,0,1
4,343,5,4,4,5,1,2,2
5,343,6,4,1,5,4,0,4
0,344,1,4,1,2,3,0,1
1,344,2,5,0,2,5,1,1
2,344,3,3,0,5,3,2,0
3,344,4,0,1,0,5,2,2
4,344,5,5,1,0,0,0,4
0,345,1,3,4,3,2,0,1
1,345,2,1,2,2,2,0,1
2,345,3,1,5,3,1,0,1
3,345,4,5,5,5,2,0,3
4,345,5,0,5,5,2,2,2
5,345,6,5,5,0,2,0,4
0,346,1,2,0,0,1,0,1
1,346,2,2,2,2,5,0,0
2,346,3,4,4,1,1,1,1
3,346,4,3,1,3,1,0,1
4,346,5,4,0,3,4,0,4
0,347,1,0,5,0,1,0,2
1,347,2,0,5,3,3,1,0
2,347,3,2,1,0,1,0,2
3,347,4,4,4,0,1,0,4
0,348,1,5,2,4,5,2,0
1,348,2,2,5,3,1,1,1
2,348,3,0,4,5,1,2,2
3,348,4,4,0,5,1,0,4
0,349,1,0,4,2,5,3,0
1,349,2,5,0,0,2,1,1
2,349,3,2,3,0,4,2,0
3,349,4,4,5,5,2,0,4
0,350,1,1,1,3,4,0,2
1,350,2,5,1,3,5,2,0
2,350,3,1,5,2,4,1,2
3,350,4,1,0,5,4,0,4
0,351,1,0,3,1,5,1,1
1,351,2,4,2,3,5,0,3
2,351,3,4,2,0,5,0,2
3,351,4,4,5,3,5,0,2
4,351,5,3,2,3,5,0,4
0,352,1,4,3,4,0,0,2
1,352,2,4,4,4,2,0,2
2,352,3,4,3,5,2,0,3
3,352,4,4,3,3,2,0,4
0,353,1,5,5,0,4,2,1
1,353,2,0,5,2,5,0,2
2,353,3,1,5,4,5,0,3
3,353,4,4,5,4,5,0,3
4,353,5,3,5,4,5,0,4
0,354,1,4,4,2,5,2,1
1,354,2,3,2,4,5,2,1
2,354,3,4,3,4,2,2,0
3,354,4,5,2,2,4,0,4
0,355,1,4,2,3,0,2,0
1,355,2,0,3,0,1,2,0
2,355,3,3,1,2,3,1,2
3,355,4,2,1,5,3,1,1
4,355,5,3,4,1,3,0,4
0,356,1,5,5,4,0,3,0
1,356,2,0,2,5,5,0,3
2,356,3,0,2,5,4,0,4
0,357,1,3,2,2,5,0,1
1,357,2,1,2,0,0,0,1
2,357,3,1,1,5,5,0,0
3,357,4,3,3,4,0,2,2
4,357,5,3,3,0,4,3,1
5,357,6,3,4,3,0,0,4
0,358,1,2,1,5,4,1,1
1,358,2,0,1,4,0,0,2
2,358,3,1,1,2,0,0,3
3,358,4,3,1,2,0,0,4
0,359,1,3,4,4,1,2,0
1,359,2,4,3,2,0,1,1
2,359,3,4,0,1,5,2,0
3,359,4,1,5,2,3,0,2
4,359,5,1,1,2,4,0,3
5,359,6,1,2,2,4,0,4
0,360,1,4,0,1,3,1,1
1,360,2,5,5,4,3,1,0
2,360,3,1,0,5,1,1,0
3,360,4,4,4,0,4,0,0
4,360,5,3,2,1,2,0,4
0,361,1,3,0,5,5,1,2
1,361,2,0,5,5,5,0,2
2,361,3,3,5,5,3,2,2
3,361,4,3,5,3,5,0,4
0,362,1,0,5,0,0,1,1
1,362,2,2,0,2,0,0,3
2,362,3,2,0,1,0,2,2
3,362,4,1,0,2,0,0,4
0,363,1,0,0,5,0,0,1
1,363,2,4,3,5,5,0,0
2,363,3,1,0,2,2,2,1
3,363,4,0,1,2,1,2,2
4,363,5,0,1,1,2,0,4
0,364,1,5,5,3,2,0,2
1,364,2,1,0,3,2,0,2
2,364,3,5,0,3,3,0,2
3,364,4,5,0,0,2,0,3
4,364,5,5,0,2,2,0,3
5,364,6,5,0,4,2,0,4
0,365,1,3,3,0,3,0,1
1,365,2,5,3,1,4,1,1
2,365,3,3,1,1,2,2,1
3,365,4,1,3,2,2,0,4
0,366,1,3,5,5,5,0,2
1,366,2,1,5,5,0,1,2
2,366,3,1,5,4,5,3,1
3,366,4,4,5,5,1,0,4
0,367,1,1,3,5,1,1,0
1,367,2,2,4,2,5,2,0
2,367,3,0,1,4,2,0,1
3,367,4,5,5,4,4,0,0
4,367,5,3,2,3,2,0,4
0,368,1,5,2,0,1,2,0
1,368,2,1,5,4,4,2,1
2,368,3,1,4,1,5,0,2
3,368,4,2,4,4,5,0,4
0,369,1,3,5,1,0,0,2
1,369,2,2,5,2,0,1,0
2,369,3,3,2,1,4,0,3
3,369,4,3,2,1,3,0,3
4,369,5,3,2,1,1,0,4
0,370,1,3,4,1,4,2,1
1,370,2,2,3,4,4,1,2
2,370,3,2,1,3,4,0,4
0,371,1,1,4,4,0,2,1
1,371,2,4,4,1,1,1,1
2,371,3,4,0,4,4,1,1
3,371,4,0,5,4,1,0,4
0,372,1,3,2,0,4,2,1
1,372,2,3,0,2,5,2,0
2,372,3,0,1,3,4,2,1
3,372,4,2,3,1,4,0,4
0,373,1,0,0,1,4,0,3
1,373,2,0,0,1,3,1,2
2,373,3,0,0,3,4,1,2
3,373,4,0,3,1,4,2,2
4,373,5,3,0,1,4,0,4
0,374,1,1,0,4,2,2,1
1,374,2,2,1,4,1,0,2
2,374,3,2,1,0,2,1,1
3,374,4,0,1,4,5,0,3
4,374,5,0,1,4,0,0,3
5,374,6,0,1,4,3,0,3
6,374,7,0,1,4,4,0,4
0,375,1,4,1,4,4,0,0
1,375,2,3,3,5,0,3,0
2,375,3,2,0,3,5,3,1
3,375,4,0,5,3,2,4,0
4,375,5,5,0,2,3,0,4
0,376,1,0,4,3,1,2,0
1,376,2,3,0,2,5,0,2
2,376,3,3,3,2,4,0,1
3,376,4,3,5,1,5,0,3
4,376,5,3,1,1,5,0,4
0,377,1,3,4,1,3,0,2
1,377,2,3,5,1,2,2,1
2,377,3,3,2,5,3,2,1
3,377,4,3,4,2,5,0,4
0,378,1,4,2,0,4,2,1
1,378,2,0,3,4,4,2,0
2,378,3,4,4,5,2,2,1
3,378,4,4,0,2,5,3,1
4,378,5,2,4,0,5,0,4
0,379,1,4,1,0,2,2,0
1,379,2,0,0,1,0,1,1
2,379,3,1,0,3,3,2,2
3,379,4,3,0,3,1,0,4
0,380,1,0,0,4,0,0,0
1,380,2,1,5,5,3,0,2
2,380,3,1,5,2,1,1,2
3,380,4,1,1,5,1,0,4
0,381,1,5,2,0,1,0,0
1,381,2,3,3,4,3,0,4
0,382,1,5,4,0,3,1,1
1,382,2,2,4,4,0,1,0
2,382,3,1,3,0,1,1,0
3,382,4,5,0,5,5,1,1
4,382,5,5,5,1,4,0,2
5,382,6,5,5,3,2,0,4
0,383,1,3,0,4,1,0,1
1,383,2,3,3,3,3,0,3
2,383,3,3,3,5,3,1,2
3,383,4,3,3,3,2,0,4
0,384,1,1,2,0,2,0,0
1,384,2,3,3,4,5,2,2
2,384,3,5,3,4,3,4,0
3,384,4,3,4,3,5,0,4
0,385,1,5,3,2,2,0,1
1,385,2,4,0,2,4,2,1
2,385,3,0,4,2,1,1,1
3,385,4,0,3,4,4,0,4
0,386,1,0,4,4,4,1,0
1,386,2,4,3,2,1,0,1
2,386,3,5,5,0,1,0,1
3,386,4,3,3,0,0,0,4
0,387,1,5,3,2,3,0,1
1,387,2,1,1,4,3,2,0
2,387,3,4,3,0,4,1,0
3,387,4,5,0,1,1,0,2
4,387,5,5,4,1,5,2,2
5,387,6,5,4,5,1,0,4
0,388,1,5,5,3,2,0,3
1,388,2,5,5,5,2,0,2
2,388,3,5,4,3,2,0,3
3,388,4,5,0,3,2,0,4
0,389,1,2,4,1,2,0,1
1,389,2,3,4,3,0,0,1
2,389,3,4,4,5,4,1,0
3,389,4,5,0,1,0,1,2
4,389,5,1,5,1,0,0,4
0,390,1,4,1,2,5,2,0
1,390,2,1,5,5,3,1,0
2,390,3,3,2,4,0,1,1
3,390,4,0,4,4,1,1,1
4,390,5,5,4,0,0,0,1
5,390,6,2,2,0,1,0,4
0,391,1,2,5,4,1,0,2
1,391,2,2,2,4,4,0,1
2,391,3,2,5,3,5,0,2
3,391,4,0,5,4,5,0,3
4,391,5,5,5,4,5,0,4
0,392,1,5,5,4,0,1,1
1,392,2,3,0,5,0,1,0
2,392,3,4,5,2,2,1,1
3,392,4,2,5,1,5,3,1
4,392,5,5,1,2,5,0,4
0,393,1,2,1,5,0,2,0
1,393,2,5,3,0,4,2,1
2,393,3,5,4,3,2,3,0
3,393,4,1,3,4,5,4,0
4,393,5,3,5,1,4,0,4
0,394,1,0,0,3,4,1,2
1,394,2,1,0,3,0,2,1
2,394,3,0,4,3,1,0,4
0,395,1,1,2,2,4,1,0
1,395,2,3,4,5,0,1,2
2,395,3,2,3,5,0,3,1
3,395,4,3,0,5,2,0,4
0,396,1,2,4,4,3,0,1
1,396,2,2,0,5,2,1,0
2,396,3,1,4,1,0,0,2
3,396,4,0,4,0,0,0,4
0,397,1,4,2,4,0,0,2
1,397,2,4,1,4,5,0,1
2,397,3,2,2,4,2,1,0
3,397,4,4,3,0,0,0,4
0,398,1,0,5,3,2,1,1
1,398,2,5,3,3,5,0,1
2,398,3,1,0,3,0,3,0
3,398,4,0,3,0,4,0,2
4,398,5,0,3,1,1,1,1
5,398,6,0,1,0,5,0,4
0,399,1,4,2,0,3,2,0
1,399,2,2,5,2,0,0,1
2,399,3,0,1,4,0,1,2
3,399,4,1,4,4,0,1,1
4,399,5,0,3,1,0,0,4
0,400,1,1,3,4,4,1,1
1,400,2,0,5,4,1,0,3
2,400,3,0,5,4,3,0,2
3,400,4,0,2,4,1,0,3
4,400,5,0,0,4,1,0,4
0,401,1,3,4,3,4,1,1
1,401,2,2,4,1,3,3,0
2,401,3,1,3,3,2,1,1
3,401,4,3,5,4,2,3,0
4,401,5,4,1,3,5,0,2
5,401,6,4,2,3,0,0,4
0,402,1,2,2,3,3,0,1
1,402,2,4,5,4,3,1,1
2,402,3,4,0,3,1,2,0
3,402,4,2,5,1,4,1,1
4,402,5,0,2,4,4,3,1
5,402,6,2,4,4,0,0,4
0,403,1,5,4,5,1,2,0
1,403,2,4,2,1,3,4,0
2,403,3,2,1,3,4,3,1
3,403,4,3,1,4,2,4,0
4,403,5,1,3,2,4,0,4
0,404,1,4,5,0,1,2,0
1,404,2,3,1,5,3,2,0
2,404,3,0,0,3,5,1,1
3,404,4,5,4,3,4,0,1
4,404,5,1,2,3,0,0,4
0,405,1,0,5,3,1,1,1
1,405,2,0,4,4,5,0,1
2,405,3,1,5,1,5,0,1
3,405,4,3,3,3,5,0,3
4,405,5,2,3,3,5,0,4
0,406,1,2,5,5,2,0,1
1,406,2,4,1,5,1,1,0
2,406,3,3,3,4,2,0,2
3,406,4,0,4,4,2,0,3
4,406,5,0,0,4,2,0,4
0,407,1,2,0,1,2,2,0
1,407,2,1,5,0,5,0,3
2,407,3,1,5,0,1,0,3
3,407,4,1,5,0,0,0,3
4,407,5,1,5,0,3,0,3
5,407,6,1,5,0,4,0,4
0,408,1,4,0,4,0,0,1
1,408,2,5,3,5,0,1,1
2,408,3,2,2,3,0,1,1
3,408,4,2,3,4,5,0,4
0,409,1,5,2,5,4,2,0
1,409,2,4,1,2,0,0,3
2,409,3,4,4,2,0,0,3
3,409,4,4,3,2,0,0,4
0,410,1,0,2,2,5,1,0
1,410,2,4,1,3,0,1,2
2,410,3,3,1,0,0,3,1
3,410,4,1,0,3,0,0,4
0,411,1,0,0,0,4,1,1
1,411,2,1,1,0,0,1,1
2,411,3,0,1,4,5,3,0
3,411,4,4,3,0,1,0,3
4,411,5,4,2,0,1,0,4
0,412,1,2,3,0,0,0,1
1,412,2,1,4,1,0,2,0
2,412,3,2,1,4,2,0,1
3,412,4,5,1,0,5,0,4
0,413,1,3,0,2,4,3,0
1,413,2,1,4,3,2,1,1
2,413,3,0,4,4,3,1,1
3,413,4,2,4,0,0,0,3
4,413,5,2,4,5,0,2,2
5,413,6,2,4,0,5,0,4
0,414,1,5,4,1,1,2,0
1,414,2,1,2,0,5,1,2
2,414,3,1,0,5,5,2,1
3,414,4,3,1,0,5,0,4
0,415,1,2,4,5,2,0,0
1,415,2,1,1,1,3,0,1
2,415,3,1,0,0,0,0,0
3,415,4,3,3,3,3,0,4
0,416,1,1,0,3,2,0,2
1,416,2,1,0,4,1,1,2
2,416,3,1,0,1,5,1,1
3,416,4,1,4,3,1,2,1
4,416,5,1,1,4,2,0,4
0,417,1,4,5,3,4,0,0
1,417,2,0,1,1,1,1,1
2,417,3,2,0,2,1,3,1
3,417,4,2,2,1,0,3,1
4,417,5,2,1,0,2,0,4
0,418,1,0,1,2,0,1,0
1,418,2,3,0,3,4,1,2
2,418,3,3,0,4,5,2,0
3,418,4,2,3,3,4,0,4
0,419,1,0,4,4,2,2,0
1,419,2,2,0,2,3,2,0
2,419,3,4,3,0,5,0,2
3,419,4,5,2,0,5,0,4
0,420,1,3,2,4,0,1,0
1,420,2,1,0,5,1,1,0
2,420,3,2,5,2,2,1,0
3,420,4,5,3,3,3,0,3
4,420,5,5,3,3,5,0,4
0,421,1,5,0,3,3,0,2
1,421,2,5,1,3,5,2,0
2,421,3,4,0,1,3,0,3
3,421,4,0,0,1,3,0,3
4,421,5,1,0,1,3,0,4
0,422,1,2,0,0,0,0,0
1,422,2,3,5,1,4,2,0
2,422,3,5,1,5,1,0,2
3,422,4,5,3,5,3,0,4
0,423,1,0,1,4,3,1,1
1,423,2,0,3,2,0,1,1
2,423,3,1,5,2,3,1,0
3,423,4,4,2,4,0,1,0
4,423,5,0,0,0,1,0,3
5,423,6,0,0,1,1,0,4
0,424,1,3,3,2,1,2,0
1,424,2,0,1,3,4,1,1
2,424,3,1,1,0,2,2,0
3,424,4,2,2,1,4,0,3
4,424,5,5,2,1,4,1,2
5,424,6,2,4,1,4,0,4
0,425,1,4,1,4,2,1,0
1,425,2,0,5,5,1,2,1
2,425,3,2,0,5,5,0,2
3,425,4,1,0,5,0,0,2
4,425,5,1,3,5,5,0,4
0,426,1,0,2,5,4,0,1
1,426,2,1,1,5,5,0,0
2,426,3,3,4,3,4,1,1
3,426,4,0,0,3,3,0,3
4,426,5,0,3,3,3,0,4
0,427,1,4,5,4,3,1,1
1,427,2,3,2,4,1,0,2
2,427,3,2,2,4,5,0,3
3,427,4,5,2,4,5,0,3
4,427,5,0,2,4,5,0,4
0,428,1,1,3,5,2,2,0
1,428,2,3,1,0,0,1,1
2,428,3,3,4,1,1,0,3
3,428,4,3,4,4,1,0,4
0,429,1,2,3,1,4,1,1
1,429,2,3,3,3,1,0,1
2,429,3,5,3,2,0,2,0
3,429,4,2,5,5,1,0,1
4,429,5,4,5,3,4,0,1
5,429,6,2,2,3,2,0,4
0,430,1,2,0,3,3,2,0
1,430,2,0,2,2,0,0,0
2,430,3,3,3,1,1,0,4
0,431,1,4,5,5,0,1,1
1,431,2,0,0,5,2,0,3
2,431,3,3,0,5,2,1,2
3,431,4,0,2,5,2,0,2
4,431,5,0,0,5,3,0,4
0,432,1,4,5,5,5,0,0
1,432,2,1,3,2,1,1,1
2,432,3,2,3,0,3,3,0
3,432,4,3,0,2,0,0,2
4,432,5,3,0,3,1,0,4
0,433,1,1,0,1,2,1,0
1,433,2,3,3,0,4,2,0
2,433,3,2,4,5,3,1,2
3,433,4,2,2,4,3,1,1
4,433,5,4,1,5,3,0,4
0,434,1,3,1,5,3,2,0
1,434,2,5,5,4,1,2,0
2,434,3,1,4,3,0,4,0
3,434,4,0,3,1,4,0,4
0,435,1,5,5,3,2,1,0
1,435,2,3,1,4,0,0,1
2,435,3,0,2,2,0,1,0
3,435,4,2,1,1,1,0,4
0,436,1,2,5,4,0,2,1
1,436,2,5,2,3,0,1,1
2,436,3,0,2,4,1,3,0
3,436,4,4,0,2,0,0,3
4,436,5,4,4,2,0,0,4
0,437,1,1,1,3,5,2,1
1,437,2,3,4,1,5,2,1
2,437,3,4,1,1,3,3,0
3,437,4,1,4,5,1,0,4
0,438,1,5,1,1,4,1,1
1,438,2,1,0,3,4,1,1
2,438,3,2,3,5,4,1,1
3,438,4,1,3,1,2,0,0
4,438,5,0,5,0,4,0,3
5,438,6,0,5,4,4,0,4
0,439,1,5,5,2,2,0,1
1,439,2,4,5,4,1,1,0
2,439,3,5,3,0,0,1,0
3,439,4,1,0,1,2,1,1
4,439,5,3,1,3,2,0,4
0,440,1,5,2,4,5,1,0
1,440,2,0,5,0,0,0,0
2,440,3,4,4,3,1,1,1
3,440,4,3,1,3,2,0,3
4,440,5,1,1,3,2,0,4
0,441,1,2,2,4,3,1,1
1,441,2,1,4,4,2,2,2
2,441,3,4,1,4,2,0,4
0,442,1,3,5,0,4,1,0
1,442,2,1,0,1,0,1,1
2,442,3,5,2,1,1,3,0
3,442,4,1,1,3,2,0,3
4,442,5,1,1,4,2,0,4
0,443,1,2,5,2,0,1,0
1,443,2,3,4,4,5,1,1
2,443,3,3,0,0,4,3,0
3,443,4,0,4,1,3,3,1
4,443,5,0,3,4,1,0,4
0,444,1,0,3,5,2,1,0
1,444,2,1,1,1,3,1,1
2,444,3,5,5,1,1,0,2
3,444,4,4,0,1,1,1,2
4,444,5,2,4,1,1,0,4
0,445,1,1,3,3,1,0,1
1,445,2,0,3,4,0,0,0
2,445,3,5,5,5,1,0,3
3,445,4,5,5,2,1,2,2
4,445,5,5,2,5,1,2,2
5,445,6,2,5,5,1,0,4
0,446,1,3,0,3,5,1,0
1,446,2,5,5,2,2,0,0
2,446,3,1,3,4,4,2,0
3,446,4,0,4,1,1,3,1
4,446,5,4,1,1,0,0,4
0,447,1,1,5,3,1,0,1
1,447,2,0,2,3,3,1,0
2,447,3,4,5,4,2,2,1
3,447,4,2,5,5,4,1,1
4,447,5,2,4,4,1,0,4
0,448,1,5,5,3,0,0,2
1,448,2,5,4,3,3,1,1
2,448,3,0,3,3,0,0,0
3,448,4,5,5,4,2,2,2
4,448,5,5,5,2,4,0,4
0,449,1,5,3,3,2,2,0
1,449,2,3,0,2,0,2,0
2,449,3,0,5,4,3,1,1
3,449,4,0,2,5,1,0,4
0,450,1,5,4,3,0,2,0
1,450,2,1,0,5,2,0,1
2,450,3,3,0,0,3,1,1
3,450,4,3,3,4,2,1,2
4,450,5,1,3,4,3,0,4
0,451,1,1,0,3,5,0,0
1,451,2,2,2,4,2,0,1
2,451,3,4,4,4,4,0,4
0,452,1,5,5,3,4,0,2
1,452,2,3,4,3,4,0,1
2,452,3,5,0,3,1,0,4
0,453,1,0,2,3,0,2,0
1,453,2,5,3,0,3,0,1
2,453,3,2,4,2,3,3,0
3,453,4,4,3,4,2,0,4
0,454,1,0,2,3,5,1,1
1,454,2,5,4,0,5,0,3
2,454,3,5,1,0,5,1,2
3,454,4,1,4,0,5,0,4
0,455,1,5,3,4,5,1,1
1,455,2,5,4,1,2,2,0
2,455,3,0,3,5,1,1,1
3,455,4,3,1,4,1,1,1
4,455,5,0,2,4,3,0,0
5,455,6,1,1,5,5,0,4
0,456,1,5,5,0,1,0,1
1,456,2,2,2,2,1,0,2
2,456,3,4,2,4,1,1,2
3,456,4,2,1,4,1,2,1
4,456,5,4,3,2,1,0,4
0,457,1,1,3,0,5,2,0
1,457,2,2,5,5,0,0,3
2,457,3,0,5,5,0,0,2
3,457,4,2,4,5,0,0,3
4,457,5,2,2,5,0,0,4
0,458,1,4,5,5,3,1,1
1,458,2,1,5,0,4,1,0
2,458,3,3,3,4,3,1,2
3,458,4,3,4,2,3,1,1
4,458,5,5,3,3,3,0,4
0,459,1,1,1,2,0,2,1
1,459,2,1,2,0,4,2,1
2,459,3,0,2,1,0,3,0
3,459,4,2,1,0,5,2,2
4,459,5,5,1,0,2,0,4
0,460,1,2,1,1,3,0,0
1,460,2,0,0,0,5,0,2
2,460,3,0,4,0,4,2,0
3,460,4,4,0,5,5,0,4
0,461,1,3,1,0,5,1,1
1,461,2,2,3,0,2,1,1
2,461,3,2,5,3,5,1,2
3,461,4,2,0,5,5,2,0
4,461,5,3,5,3,2,0,4
0,462,1,4,2,1,3,1,0
1,462,2,0,5,5,4,0,2
2,462,3,0,0,5,2,0,1
3,462,4,3,5,5,5,1,2
4,462,5,5,5,5,1,0,4
0,463,1,1,1,5,3,2,0
1,463,2,4,3,1,2,1,1
2,463,3,0,5,1,4,2,1
3,463,4,5,2,1,0,1,1
4,463,5,5,3,0,4,4,0
5,463,6,4,5,3,0,0,4
0,464,1,1,0,1,2,2,0
1,464,2,2,4,5,0,2,1
2,464,3,4,2,3,0,2,2
3,464,4,3,2,4,0,0,4
0,465,1,3,0,5,5,1,1
1,465,2,0,0,3,1,2,1
2,465,3,3,2,0,1,2,0
3,465,4,0,1,5,0,3,1
4,465,5,5,0,1,0,0,4
0,466,1,2,2,2,1,1,0
1,466,2,0,1,1,5,1,1
2,466,3,1,1,3,4,1,2
3,466,4,1,4,3,5,2,1
4,466,5,4,1,3,0,0,4
0,467,1,0,4,0,5,0,2
1,467,2,5,4,1,5,0,2
2,467,3,0,4,1,4,0,3
3,467,4,0,4,1,1,0,4
0,468,1,0,5,0,5,0,1
1,468,2,1,2,1,5,1,0
2,468,3,4,5,3,4,1,1
3,468,4,4,1,0,3,4,0
4,468,5,0,4,3,1,0,4
0,469,1,3,0,1,3,3,0
1,469,2,4,3,3,0,1,1
2,469,3,0,1,3,2,2,1
3,469,4,0,3,5,1,0,4
0,470,1,3,5,0,4,0,2
1,470,2,5,5,0,2,1,1
2,470,3,3,5,5,3,0,1
3,470,4,2,5,2,4,1,0
4,470,5,3,2,0,1,0,4
0,471,1,3,5,3,1,0,2
1,471,2,4,5,3,2,1,1
2,471,3,3,4,3,3,0,2
3,471,4,1,4,3,1,0,3
4,471,5,0,4,3,1,0,4
0,472,1,2,5,1,3,1,0
1,472,2,3,4,3,0,1,2
2,472,3,3,0,4,0,2,1
3,472,4,3,4,0,4,2,0
4,472,5,0,3,3,0,0,4
0,473,1,3,3,4,4,1,0
1,473,2,4,1,5,5,1,0
2,473,3,2,0,3,1,2,0
3,473,4,5,2,2,3,1,1
4,473,5,0,4,2,2,0,4
0,474,1,5,4,4,0,1,1
1,474,2,4,1,0,0,2,1
2,474,3,3,4,0,1,0,3
3,474,4,1,4,0,1,0,4
0,475,1,3,0,1,2,4,0
1,475,2,1,3,2,0,2,2
2,475,3,0,3,2,1,4,0
3,475,4,1,2,3,0,0,4
0,476,1,2,2,0,2,0,0
1,476,2,5,5,1,3,1,1
2,476,3,4,4,1,5,2,0
3,476,4,5,3,3,4,2,1
4,476,5,1,3,4,3,0,4
0,477,1,0,4,4,0,0,1
1,477,2,5,2,4,1,1,1
2,477,3,5,5,2,0,1,1
3,477,4,3,2,1,0,3,0
4,477,5,0,1,2,1,0,2
5,477,6,0,5,3,1,0,4
0,478,1,5,4,2,4,0,2
1,478,2,5,4,5,5,1,0
2,478,3,2,0,2,4,0,2
3,478,4,1,1,2,4,0,3
4,478,5,3,1,2,4,2,2
5,478,6,1,3,2,4,0,4
0,479,1,3,3,0,3,1,0
1,479,2,0,5,4,0,1,0
2,479,3,4,1,3,1,2,1
3,479,4,1,4,3,4,0,4
0,480,1,5,3,3,2,0,2
1,480,2,0,3,2,2,1,1
2,480,3,1,3,3,0,2,1
3,480,4,5,3,0,1,0,4
0,481,1,3,0,0,2,0,0
1,481,2,4,1,5,1,0,1
2,481,3,5,5,5,5,0,0
3,481,4,4,4,4,4,0,4
0,482,1,5,4,1,5,1,1
1,482,2,0,4,0,1,2,0
2,482,3,2,2,1,4,1,1
3,482,4,4,1,1,3,1,0
4,482,5,5,0,2,4,3,1
5,482,6,5,2,4,0,3,1
6,482,7,2,0,4,5,0,4
0,483,1,4,1,1,3,1,0
1,483,2,5,0,3,2,1,1
2,483,3,5,2,2,1,3,1
3,483,4,1,2,5,2,0,4
0,484,1,0,3,4,5,2,1
1,484,2,4,3,5,1,2,0
2,484,3,3,2,0,5,2,0
3,484,4,0,0,3,4,2,1
4,484,5,5,0,4,0,0,4
0,485,1,1,2,2,0,1,1
1,485,2,4,5,2,2,0,2
2,485,3,0,5,2,3,0,2
3,485,4,4,1,2,3,1,1
4,485,5,5,5,2,1,0,4
0,486,1,1,5,5,0,2,0
1,486,2,5,4,4,1,1,0
2,486,3,2,0,1,2,0,1
3,486,4,0,0,0,5,0,4
0,487,1,0,3,5,2,2,1
1,487,2,2,3,0,0,3,0
2,487,3,0,2,1,3,3,0
3,487,4,3,0,4,2,0,3
4,487,5,3,0,2,2,0,4
0,488,1,0,2,5,3,2,0
1,488,2,2,1,0,0,2,1
2,488,3,3,0,0,1,1,1
3,488,4,2,0,1,4,4,0
4,488,5,1,4,0,2,0,4
0,489,1,3,1,4,1,2,1
1,489,2,0,1,1,3,2,0
2,489,3,4,4,3,1,0,3
3,489,4,4,2,3,1,0,3
4,489,5,4,5,3,1,0,3
5,489,6,4,3,3,1,0,4
0,490,1,2,3,3,4,1,0
1,490,2,5,1,1,2,1,2
2,490,3,4,1,1,5,0,2
3,490,4,5,1,2,5,0,4
0,491,1,2,2,0,5,0,2
1,491,2,3,2,0,1,3,0
2,491,3,2,3,1,5,2,2
3,491,4,2,1,3,5,0,4
0,492,1,1,2,0,4,1,1
1,492,2,4,3,0,0,0,1
2,492,3,1,1,1,0,0,0
3,492,4,4,2,2,5,0,3
4,492,5,4,2,5,5,0,2
5,492,6,4,2,2,2,0,4
0,493,1,2,2,0,4,0,0
1,493,2,1,5,1,5,0,2
2,493,3,5,5,3,5,1,0
3,493,4,1,3,1,3,0,3
4,493,5,1,3,1,1,0,4
0,494,1,2,1,0,0,1,2
1,494,2,3,1,0,2,3,1
2,494,3,2,3,0,1,0,4
0,495,1,3,0,2,3,1,0
1,495,2,4,2,1,1,1,2
2,495,3,2,2,4,1,3,0
3,495,4,4,4,1,2,0,3
4,495,5,4,5,1,2,0,4
0,496,1,3,1,0,5,1,0
1,496,2,4,2,4,3,2,0
2,496,3,1,4,2,2,2,2
3,496,4,2,4,1,2,2,2
4,496,5,2,4,2,1,0,4
0,497,1,5,2,1,1,0,2
1,497,2,3,2,3,1,0,3
2,497,3,2,2,3,1,0,3
3,497,4,0,2,3,1,0,3
4,497,5,4,2,3,1,0,4
0,498,1,5,0,1,5,1,1
1,498,2,5,4,0,0,2,0
2,498,3,1,0,4,1,0,3
3,498,4,2,0,4,1,0,3
4,498,5,4,0,4,1,0,3
5,498,6,3,0,4,1,0,4
0,499,1,2,1,4,5,3,0
1,499,2,5,4,2,3,1,1
2,499,3,1,5,2,2,3,0
3,499,4,5,2,1,0,0,3
4,499,5,5,2,1,1,0,4
